address_id,cluster_id
71413451,1
71411914,1
71410369,1
71410100,1
71410040,1
71396840,1
71376034,1
71368607,1
71396884,1
71392754,1
71368617,1
71376769,1
71375434,1
71353776,1
71346093,1
71292745,1
71292723,1
71277292,1
71340650,1
71341213,1
71330932,1
71329784,1
71316328,1
71309482,1
71279177,1
71277469,1
71317571,1
71300567,1
71300411,1
71278536,1
71279249,1
71278640,1
71277033,1
71272803,1
71256305,1
70930597,1
70929965,1
70922397,1
71274392,1
71266331,1
71265682,1
71250121,1
71243480,1
71240707,1
71232586,1
71238834,1
71238825,1
71221607,1
71221104,1
71232982,1
71229126,1
71213018,1
71212893,1
71171376,1
71188749,1
71179475,1
71177807,1
71153243,1
71153219,1
71180382,1
71175964,1
71173744,1
71166852,1
71164343,1
71141799,1
71137080,1
71141734,1
71119207,1
71119201,1
71075186,1
70961097,1
71109730,1
71109367,1
71103762,1
71094897,1
71094410,1
71090727,1
71063887,1
71019510,1
71056049,1
71059031,1
71037133,1
70828524,1
71046478,1
71001732,1
70961090,1
70994525,1
70993702,1
70977723,1
70969117,1
70977639,1
70961713,1
70961032,1
70956412,1
70948252,1
70943243,1
70922398,1
70913289,1
70826619,1
70913563,1
70827878,1
70436858,1
70897679,1
70885649,1
70877719,1
70876931,1
70867038,1
70867036,1
70847140,1
70861738,1
70831610,1
70826695,1
70846288,1
70810635,1
70825229,1
70825490,1
70823759,1
70791035,1
70786339,1
70789544,1
70788407,1
70787543,1
70786514,1
70778739,1
70772823,1
70772696,1
70766503,1
70765992,1
70758997,1
70757867,1
70704019,1
70697689,1
70716693,1
70681471,1
70681424,1
70674510,1
70689847,1
70688913,1
70661222,1
70674514,1
70668006,1
70666619,1
70661159,1
70638735,1
70662236,1
70649835,1
70640505,1
70651794,1
70638179,1
70638195,1
70610601,1
70564583,1
70589431,1
70579434,1
70580791,1
70516341,1
70551535,1
70539736,1
70521012,1
70527405,1
70511187,1
70463630,1
70454014,1
70511920,1
70479672,1
70506135,1
70498246,1
70486074,1
70479902,1
70475382,1
70474107,1
70480528,1
70480252,1
70467762,1
70446643,1
70446016,1
70437188,1
70437088,1
70420484,1
70428495,1
70421288,1
70410762,1
70401276,1
70400955,1
70394053,1
70369371,1
70394039,1
70379395,1
70272201,1
70257935,1
70342021,1
70359609,1
70343584,1
70343481,1
70337851,1
70324862,1
70317528,1
70308217,1
70307205,1
70306271,1
70306205,1
70285699,1
70282583,1
70163465,1
70295972,1
70295916,1
70163916,1
70284422,1
70278300,1
70277958,1
70269636,1
70265813,1
70263837,1
70263807,1
70259125,1
70215099,1
70253596,1
70233508,1
70233265,1
70222625,1
70222623,1
70215117,1
70214883,1
70209664,1
70209440,1
70194970,1
70182375,1
70163900,1
70163625,1
70155499,1
70168983,1
70169514,1
70152240,1
70145879,1
70145518,1
70140246,1
70138322,1
70133169,1
70129607,1
70128417,1
70128272,1
70128843,1
70128691,1
70128313,1
70128227,1
70090953,1
70087036,1
70115066,1
70107549,1
70107155,1
70101042,1
70093268,1
70098584,1
70098563,1
70098528,1
70087266,1
70086929,1
70086219,1
70086208,1
70085877,1
70085438,1
70082016,1
70080295,1
70078553,1
70065118,1
70075926,1
70052004,1
70039617,1
70019176,1
70066017,1
70039597,1
70013527,1
69988750,1
69985806,1
70008228,1
70000419,1
69998934,1
69994973,1
69989375,1
69567946,1
69989335,1
69968830,1
69957731,1
69941207,1
69835778,1
69956275,1
69933244,1
69941638,1
69933487,1
69895908,1
69870173,1
69919662,1
69918169,1
69903741,1
69834085,1
69870511,1
69823277,1
69823229,1
69805122,1
69813530,1
69810209,1
69807967,1
69805949,1
69805775,1
69786842,1
69773087,1
69763404,1
69761917,1
69767251,1
69570399,1
69731651,1
69731631,1
69753953,1
69736239,1
69747626,1
69747255,1
69736870,1
69707023,1
69718743,1
69707127,1
69718207,1
69685207,1
69699937,1
69699892,1
69680913,1
69685592,1
69676878,1
69668187,1
69644654,1
69639564,1
69586779,1
69665485,1
69666352,1
69660994,1
69644520,1
69568441,1
69636317,1
69570485,1
69608701,1
69570602,1
69553986,1
69533885,1
69528885,1
69529458,1
69527278,1
69515225,1
69515224,1
69505505,1
69470193,1
69485053,1
69475152,1
69475840,1
69446591,1
69446473,1
69454085,1
69460056,1
69446719,1
69445124,1
69445118,1
69445110,1
69444579,1
69444572,1
69444570,1
69444494,1
69444899,1
69444827,1
69444568,1
69440726,1
69439193,1
69433038,1
69433034,1
69420559,1
69425121,1
69425533,1
69425509,1
69425194,1
69425114,1
69422541,1
69422520,1
69422282,1
69416951,1
69414344,1
69413838,1
69414729,1
69411746,1
69407199,1
69398644,1
69395727,1
69395444,1
69396217,1
69392063,1
69381893,1
69373067,1
69371892,1
69333752,1
69353582,1
69350850,1
69343251,1
69328707,1
69200534,1
68983345,1
69327405,1
69327070,1
69317832,1
68983321,1
69317748,1
69200744,1
69200550,1
69296192,1
69296543,1
69265095,1
69243094,1
69242512,1
69248483,1
69244428,1
69236152,1
69232016,1
69220508,1
69214372,1
69213168,1
69212187,1
69208969,1
69206926,1
69210654,1
69202069,1
69206912,1
69204643,1
69204514,1
69204419,1
69172610,1
69204720,1
69191906,1
69202022,1
69166177,1
69189938,1
69178741,1
69168643,1
69166882,1
68983344,1
69162395,1
69151786,1
69145022,1
69140674,1
69141271,1
69133124,1
69133122,1
69127808,1
69131811,1
69127820,1
69126372,1
69122719,1
69116432,1
69115873,1
69114677,1
69107202,1
69063921,1
69041521,1
69092535,1
69074433,1
69064810,1
69049973,1
69043108,1
69032909,1
69048709,1
69034487,1
69039078,1
69018068,1
69001658,1
68983358,1
69003867,1
68998963,1
68983341,1
68986415,1
68983363,1
68978205,1
68983455,1
68983454,1
68975402,1
68954436,1
68950152,1
68949270,1
68939058,1
68938560,1
68944705,1
68912228,1
68899566,1
68908582,1
68926084,1
68922175,1
68922102,1
68898936,1
68897921,1
68897800,1
68893970,1
68770973,1
68886489,1
68873922,1
68863197,1
68850592,1
68853552,1
68853253,1
68818382,1
68810505,1
68808880,1
68792835,1
68792263,1
68788222,1
68782880,1
68776611,1
68775808,1
68771813,1
68770993,1
68770834,1
68767868,1
68743360,1
68761038,1
68754609,1
68681546,1
68731361,1
68715671,1
68715523,1
68709245,1
68696281,1
68688275,1
68687379,1
68686993,1
68691607,1
68691030,1
68653939,1
68652566,1
68645113,1
68609887,1
68672765,1
68672264,1
68671424,1
68669132,1
68638551,1
68624146,1
68602249,1
68594305,1
68571207,1
68594685,1
68582810,1
68571482,1
67547280,1
67546354,1
68488243,1
68567493,1
68566281,1
68262894,1
68544814,1
68520650,1
68477005,1
68564251,1
67758190,1
68424732,1
68540652,1
68512380,1
68459864,1
68486853,1
68459820,1
68448929,1
68447390,1
68441035,1
68439423,1
68423786,1
68398304,1
68387789,1
68365518,1
68359095,1
68333432,1
68342756,1
68332334,1
68327211,1
68317043,1
68311449,1
68311329,1
68297549,1
68289739,1
68285412,1
68281097,1
68272633,1
68274291,1
68263184,1
68262808,1
68253351,1
68254621,1
68254534,1
68229795,1
68230857,1
68229630,1
68215464,1
68200074,1
68170477,1
68230887,1
68182234,1
68170067,1
68088987,1
68136970,1
68136968,1
68148476,1
68146703,1
68120857,1
68071600,1
68120817,1
68105421,1
67974543,1
68105423,1
68104532,1
68090688,1
68090516,1
68037635,1
67974176,1
67974236,1
68059248,1
67996227,1
68058246,1
68037431,1
68032390,1
68031283,1
67974242,1
68029485,1
68017810,1
68012624,1
68020970,1
67992513,1
67990839,1
67974270,1
67974374,1
67940791,1
67939415,1
67928703,1
67948417,1
67936318,1
67929662,1
67909623,1
67916479,1
67900690,1
67899934,1
67855701,1
67845274,1
67803003,1
67845882,1
67820960,1
67833658,1
67833660,1
67794665,1
67794660,1
67794219,1
67758212,1
67547677,1
67547660,1
67806501,1
67764780,1
67763939,1
67778234,1
67784583,1
67747218,1
67727791,1
67727677,1
67728831,1
67705794,1
67748311,1
67547363,1
67708063,1
67707100,1
67694342,1
67679663,1
67678600,1
67549113,1
67644060,1
67635404,1
67631648,1
67620877,1
67620518,1
67605687,1
67597198,1
67582720,1
67577956,1
67582073,1
67577958,1
67564373,1
67552459,1
67564364,1
67552294,1
67541036,1
67490316,1
67527424,1
67527217,1
67521865,1
67505371,1
67545017,1
67539519,1
67526372,1
67515162,1
67485219,1
67485060,1
67482585,1
67482584,1
67481469,1
67472459,1
67472972,1
67474622,1
67473517,1
67471323,1
67409504,1
67277678,1
67462618,1
67392639,1
67458308,1
67437398,1
67436556,1
67423882,1
67420913,1
67392596,1
67424062,1
67414477,1
67400020,1
67392477,1
67395317,1
67392800,1
67391018,1
67381045,1
67378432,1
67348786,1
67356757,1
67349438,1
67366387,1
67355876,1
67348887,1
67349566,1
67332325,1
67332480,1
67329104,1
67326513,1
67327821,1
67326098,1
67324033,1
67323079,1
67294423,1
67294389,1
67294126,1
67190849,1
67262828,1
67254839,1
67223056,1
67287709,1
67278993,1
67277649,1
67268526,1
67262473,1
67243866,1
67247253,1
67243719,1
67216461,1
67241251,1
67216495,1
67202688,1
67192737,1
67197644,1
67193368,1
67179506,1
67202920,1
67188666,1
67188451,1
67186683,1
67157912,1
67158064,1
67151516,1
67151097,1
67149661,1
67125475,1
67086445,1
67146698,1
67112314,1
67077750,1
67077636,1
67075240,1
67134614,1
67135127,1
67101611,1
67066558,1
67025997,1
67065145,1
67057573,1
67040562,1
67050731,1
67038174,1
67015824,1
66991009,1
66999863,1
66999521,1
66984384,1
66977278,1
66967606,1
66961274,1
66961760,1
66953052,1
66953024,1
66949746,1
66926325,1
66941054,1
66940931,1
66940652,1
66841218,1
66827325,1
66913550,1
66904337,1
66895087,1
66827384,1
66813603,1
66778942,1
66778861,1
66764314,1
66760429,1
66730821,1
66764202,1
66729744,1
66759348,1
66722346,1
66714134,1
66714646,1
66705073,1
66727283,1
66702598,1
66693598,1
66687951,1
66673208,1
66676526,1
66655941,1
66634751,1
66635152,1
66625918,1
66626255,1
66580685,1
66580646,1
66579867,1
66609948,1
66581144,1
66580656,1
66606408,1
66596059,1
66593866,1
66581094,1
66580707,1
66580528,1
66579751,1
66562698,1
66562285,1
66515111,1
66514488,1
66534457,1
66531263,1
66493287,1
66170217,1
66170185,1
66492822,1
66471892,1
66458392,1
66446268,1
66427420,1
66418943,1
66407511,1
66418034,1
66412321,1
66380219,1
66379347,1
66366571,1
66409254,1
66397434,1
66390635,1
66364839,1
66345001,1
66333383,1
66333205,1
66288888,1
66276548,1
66276991,1
66231046,1
66275766,1
66262162,1
66256670,1
66229246,1
66199622,1
66185990,1
66188756,1
66138227,1
66115585,1
66114373,1
66101117,1
66100930,1
66156660,1
66156257,1
66155348,1
66148632,1
66148801,1
66131951,1
66121479,1
66087460,1
66124145,1
66082874,1
66087767,1
66071262,1
66045866,1
65974168,1
66028203,1
66015142,1
65973951,1
66044533,1
65973954,1
65972051,1
66061354,1
65995433,1
66014493,1
66003405,1
65998760,1
65958535,1
65925300,1
65537383,1
65956114,1
65956008,1
65951710,1
65947510,1
65947393,1
65938728,1
65942377,1
65942117,1
65938822,1
65932769,1
65921559,1
65931636,1
65924578,1
65922221,1
65889231,1
65895107,1
65889715,1
65883656,1
65883404,1
65825225,1
65874361,1
65865728,1
65863639,1
65692282,1
65692188,1
65538433,1
65536364,1
65859280,1
65857045,1
65827683,1
65849499,1
65849496,1
65846849,1
65828145,1
65839915,1
65831925,1
65827820,1
65800196,1
65800088,1
65769356,1
65768894,1
65741081,1
65822853,1
65822700,1
65811359,1
65804222,1
65811848,1
65793289,1
65792913,1
65785167,1
65772220,1
65754737,1
65752307,1
65739578,1
65732480,1
65715303,1
65730957,1
65706191,1
65722916,1
65714916,1
65703454,1
65703434,1
65701109,1
65692246,1
65694461,1
65694286,1
65692304,1
65694301,1
65692267,1
65672625,1
65672813,1
65660299,1
65652665,1
65640672,1
65637360,1
65641638,1
65640051,1
65635294,1
65634934,1
65613096,1
65550169,1
65622614,1
65614753,1
65550056,1
65563321,1
65562696,1
65586903,1
65576070,1
65575770,1
65548997,1
65539999,1
65539568,1
51136567,1
65539521,1
65538645,1
65539985,1
65538647,1
65539566,1
65530204,1
65527890,1
65509376,1
65513949,1
65485239,1
65472948,1
65469847,1
65473000,1
65457227,1
65444758,1
65420996,1
65469804,1
65446421,1
65432870,1
65432376,1
65432904,1
65420322,1
65389942,1
65377383,1
65385768,1
65374362,1
65383061,1
65375024,1
65374359,1
65372698,1
65374760,1
65371826,1
65368033,1
65362169,1
52049576,1
65369029,1
65367864,1
65367197,1
65366542,1
65366818,1
65365725,1
65363580,1
65365721,1
65362441,1
65364023,1
65363696,1
65363306,1
65362439,1
65361229,1
65360853,1
65333817,1
65334109,1
65323823,1
65312904,1
65312900,1
65302810,1
65302639,1
65323900,1
65290982,1
65207231,1
65272900,1
65265136,1
65242787,1
65229080,1
65260147,1
65241370,1
65223175,1
65229104,1
65210997,1
65224625,1
65206065,1
65225945,1
65223535,1
65206340,1
65206796,1
65203846,1
65204599,1
65204302,1
65197850,1
65204210,1
65203570,1
65203829,1
65197567,1
65195477,1
65202894,1
65197589,1
65195475,1
65196395,1
65193900,1
65193860,1
65191206,1
65191205,1
65191318,1
65191735,1
65191212,1
65185417,1
65178227,1
65175420,1
65172297,1
65166813,1
65166553,1
65162614,1
65162342,1
65156818,1
65156133,1
65144638,1
65160375,1
65154899,1
65144926,1
65126029,1
64963640,1
65138519,1
65135190,1
65115756,1
65091292,1
65080918,1
65069019,1
65017756,1
65116222,1
65103026,1
65089317,1
65068994,1
65059165,1
65048508,1
65059798,1
65038011,1
65027731,1
64999854,1
65017720,1
64989766,1
64989598,1
65013305,1
64999751,1
64999892,1
64981795,1
64981115,1
64975137,1
64974945,1
64962740,1
64972594,1
64966042,1
64963683,1
64959216,1
64957532,1
64929812,1
64940103,1
64935261,1
64931440,1
64939928,1
64917568,1
64915956,1
64926860,1
64880983,1
64926724,1
64915944,1
64882264,1
64876336,1
64903965,1
64904249,1
64888836,1
64877182,1
64877106,1
64877104,1
64875454,1
64860676,1
64856524,1
64847881,1
64838230,1
64838226,1
64827489,1
64827660,1
64820441,1
64820237,1
64820031,1
64809608,1
64795186,1
64806707,1
64480199,1
64770159,1
64277613,1
64793782,1
64793781,1
64746481,1
64674686,1
64653306,1
64453327,1
64294578,1
54672343,1
52218993,1
64784685,1
64770815,1
64769982,1
64759833,1
64755632,1
64620842,1
63978276,1
64787102,1
64645687,1
64674588,1
64759614,1
64743172,1
64754493,1
64718035,1
64730996,1
64740106,1
64731291,1
64718539,1
64715901,1
64713851,1
64686900,1
64634772,1
64693461,1
64693447,1
64675842,1
64685062,1
64672445,1
64663801,1
64663955,1
64645649,1
64609822,1
64634966,1
64526019,1
64636741,1
64620924,1
64637085,1
64622157,1
64467570,1
64621268,1
64599489,1
64610080,1
53109120,1
64581781,1
64609252,1
64593811,1
64581580,1
55747838,1
64560993,1
64528703,1
64542055,1
64528965,1
64528937,1
64525965,1
64509065,1
64493183,1
64506889,1
64489450,1
64482681,1
64480189,1
64477574,1
64477394,1
64444706,1
64424488,1
64303075,1
64446167,1
64461855,1
64461850,1
64445173,1
64445087,1
64438241,1
64428019,1
64402841,1
64347349,1
64075867,1
64364103,1
64347344,1
64428055,1
55803822,1
54000271,1
64423818,1
64406562,1
64416708,1
64391894,1
64384692,1
64376856,1
64366428,1
64359860,1
64351947,1
64344796,1
64344789,1
64258464,1
64195472,1
64147512,1
64325830,1
64299514,1
64317906,1
64340582,1
64321104,1
64317645,1
64310700,1
64298886,1
64297524,1
64217740,1
64291415,1
64279982,1
64270035,1
64255846,1
64249042,1
64239845,1
64229174,1
64184162,1
64231231,1
64215698,1
64208145,1
64195480,1
64181012,1
64184011,1
64138873,1
64172445,1
64168701,1
64160097,1
64147430,1
64145508,1
64144946,1
64138703,1
64126183,1
64118319,1
64117785,1
64100119,1
64112286,1
64108825,1
64075474,1
64059844,1
64108889,1
64095255,1
64052657,1
63962029,1
64078148,1
63995384,1
53393222,1
64087174,1
64094080,1
64021257,1
64087446,1
64002286,1
64069666,1
64059888,1
64052864,1
64051777,1
64035208,1
64052847,1
64051790,1
64044104,1
64016724,1
64030450,1
64010471,1
64029228,1
63945217,1
64010468,1
64016737,1
64007128,1
63995131,1
63972849,1
64005564,1
63995303,1
64007130,1
63995056,1
64002297,1
63999877,1
63978292,1
63995175,1
63987041,1
63980836,1
63976433,1
63941986,1
63942446,1
63965834,1
63942447,1
63942042,1
63942007,1
63932127,1
63923291,1
63916124,1
63916061,1
60531021,1
58037788,1
57027592,1
56937026,1
56637576,1
55718308,1
54995189,1
53393220,1
53166921,1
52856522,1
52492760,1
52151639,1
63936989,1
55639372,1
54764677,1
63937067,1
63932116,1
63923601,1
63925888,1
63925672,1
58539288,1
56771533,1
56661586,1
55707957,1
52921571,1
52192612,1
63916031,1
63918718,1
63918801,1
63916032,1
63915964,1
63915268,1
63865605,1
63915283,1
63915227,1
63821536,1
63394083,1
63915292,1
62686430,1
62648434,1
63821157,1
62962926,1
63884245,1
63771800,1
63718622,1
63713377,1
63559969,1
56772019,1
56041822,1
55712625,1
55661918,1
54608244,1
54585719,1
52587698,1
63725169,1
63718651,1
63572719,1
63569522,1
62690955,1
56667117,1
54996808,1
52416820,1
63566874,1
62581323,1
63557497,1
63424642,1
63556236,1
63424572,1
63423573,1
63111229,1
62592247,1
60903936,1
63118430,1
63111115,1
62657472,1
61031492,1
62962858,1
62963871,1
62656004,1
62695613,1
62657744,1
62581329,1
60711515,1
60710014,1
62654431,1
62589067,1
60552041,1
62592137,1
60894575,1
60889590,1
60565454,1
62589667,1
62589666,1
62581152,1
60713047,1
60709786,1
60569928,1
60709789,1
60569925,1
60905124,1
60709782,1
60568257,1
60709794,1
60894690,1
60058627,1
60709780,1
60541350,1
60566814,1
60537023,1
60564820,1
60556053,1
60544605,1
60547947,1
60547432,1
60547430,1
60546702,1
60541348,1
60538530,1
60529902,1
57730585,1
56871249,1
60544603,1
60543851,1
60182594,1
60543875,1
60452852,1
60543304,1
59805959,1
60533652,1
60541148,1
60538992,1
60533655,1
60533650,1
60532415,1
60533653,1
60531701,1
60447306,1
60095782,1
59618020,1
54888471,1
60065243,1
59809029,1
59072423,1
56710864,1
60048665,1
59807406,1
59805950,1
59619347,1
59619104,1
58095384,1
54945507,1
59609389,1
59501262,1
59497934,1
59132931,1
59132801,1
59375667,1
56989723,1
59135131,1
59132933,1
59080791,1
58931242,1
58935885,1
57008852,1
58935623,1
57001011,1
56993203,1
59065320,1
58540401,1
57785552,1
57182810,1
57039160,1
56983555,1
56970533,1
59057646,1
58906215,1
57042304,1
57004265,1
58912650,1
57038989,1
57037191,1
58544609,1
57882200,1
57881624,1
57037176,1
57037059,1
57014134,1
57001381,1
57037175,1
57886319,1
57886320,1
56985146,1
57182913,1
56914200,1
57001039,1
56997210,1
57730582,1
57046196,1
57040212,1
57024025,1
57023128,1
57043422,1
57037969,1
57030686,1
57003717,1
57024708,1
57011877,1
57008065,1
57006284,1
57006425,1
56998858,1
56989244,1
56971138,1
56994985,1
56983789,1
56983085,1
56989684,1
56991501,1
56986421,1
56982856,1
56977976,1
56958933,1
56976577,1
56973257,1
56970590,1
56969778,1
56967633,1
56963808,1
56963305,1
56962312,1
56954041,1
56952593,1
56901725,1
56945314,1
56962314,1
56962642,1
56960970,1
56957649,1
56955665,1
56951839,1
56949011,1
56946920,1
56947942,1
56943847,1
56942054,1
56939536,1
56939652,1
56939497,1
56941396,1
56938062,1
56937493,1
56935994,1
56935879,1
56935585,1
56935409,1
56933804,1
56930105,1
56906743,1
56894421,1
56878321,1
56787777,1
56935709,1
56927290,1
56929978,1
56929894,1
56933573,1
56932123,1
56930794,1
56930436,1
56927601,1
56912294,1
52253691,1
56925751,1
56925951,1
56912258,1
56917466,1
56911671,1
56920031,1
56892234,1
56898672,1
56903756,1
56906258,1
56903697,1
56885497,1
56898412,1
56896412,1
56890031,1
56889944,1
56885496,1
56869394,1
56637586,1
56876625,1
56874988,1
56873130,1
56873047,1
56873035,1
56872989,1
56872888,1
56866817,1
56867006,1
56866959,1
56866956,1
56860263,1
56842347,1
56856447,1
56852575,1
56863428,1
56858872,1
56858122,1
56855007,1
56854263,1
56849325,1
56844902,1
56843058,1
56840068,1
56839995,1
56838906,1
56837611,1
56837133,1
56836277,1
56835503,1
56835614,1
56819734,1
56828662,1
56835573,1
56827581,1
56833357,1
56827588,1
56830348,1
56823592,1
56824520,1
56824503,1
56817050,1
56820494,1
56819058,1
56819034,1
54765870,1
56811041,1
56809804,1
56808401,1
56808380,1
56806847,1
56806512,1
56804470,1
56804453,1
56804334,1
56800933,1
56787780,1
56789512,1
56711402,1
56800061,1
56798701,1
56798426,1
56798183,1
56798080,1
56790232,1
56790157,1
56773559,1
56764815,1
56757513,1
56719409,1
56795107,1
56793555,1
56795034,1
56793687,1
56793541,1
56791794,1
56789436,1
56704690,1
56785487,1
56784275,1
56781810,1
56781307,1
56764019,1
56761918,1
56755849,1
56750964,1
56748223,1
56746606,1
56745995,1
56743771,1
56742305,1
56740357,1
56730525,1
56716927,1
56697694,1
56778849,1
56779641,1
56756311,1
56755829,1
56767114,1
56774494,1
56750692,1
56768992,1
56755836,1
56755830,1
56766537,1
56752821,1
56760788,1
56750859,1
56758471,1
56755827,1
56721689,1
56729469,1
56723971,1
56725749,1
56721764,1
56722467,1
56721617,1
56720655,1
56717888,1
56716096,1
56715204,1
56714042,1
56711097,1
56710801,1
56708158,1
56706673,1
56691659,1
54036625,1
56694597,1
56698591,1
56698651,1
56694595,1
56697087,1
56696657,1
56695030,1
56694601,1
56692336,1
56689998,1
56681779,1
56681558,1
56674179,1
56629986,1
56694308,1
56690003,1
56682443,1
56690258,1
56691625,1
56691620,1
56691626,1
56686314,1
56681563,1
56681774,1
56681403,1
56682385,1
56682359,1
56681777,1
56682374,1
56682350,1
56667690,1
56667035,1
56676984,1
56676089,1
56676871,1
56676005,1
56677998,1
56667145,1
54722119,1
52406118,1
56674702,1
56661499,1
56660500,1
56652985,1
56660109,1
56627958,1
55755931,1
56653551,1
56642193,1
56642169,1
56627977,1
55829755,1
55629598,1
56657288,1
56657723,1
56656058,1
56642127,1
56653548,1
56653654,1
56642128,1
56641396,1
56642172,1
56645367,1
56642352,1
56642171,1
56637371,1
56609087,1
56635301,1
56633488,1
56633467,1
56633298,1
56631340,1
56626444,1
56027378,1
56626447,1
56625113,1
56623513,1
56617063,1
56612977,1
56039415,1
56039414,1
56481784,1
56040507,1
56039409,1
55840878,1
55834394,1
55821612,1
55801034,1
55797079,1
55708221,1
55704758,1
55630527,1
55605866,1
55592470,1
55579613,1
55577116,1
55532407,1
55502944,1
53116095,1
52657516,1
56611163,1
56609146,1
56609055,1
56610016,1
56039411,1
55784527,1
55818794,1
55818086,1
56036502,1
56036458,1
56036454,1
56036430,1
56036427,1
56036364,1
55792278,1
56032858,1
55842951,1
55841668,1
55807285,1
55800102,1
55831117,1
55830286,1
55752737,1
55771194,1
55608388,1
55777897,1
55818665,1
55748636,1
55843019,1
55782056,1
55813287,1
55837583,1
55822506,1
55822545,1
55829765,1
55802207,1
55813314,1
55785465,1
55762618,1
55789030,1
55814750,1
55820170,1
55816892,1
55811234,1
55817072,1
55783438,1
55763616,1
55760831,1
55808413,1
55808346,1
55783728,1
55798791,1
55797985,1
55798039,1
55769489,1
55799897,1
55758786,1
55771195,1
55781887,1
55660447,1
55784712,1
55789300,1
55786626,1
55779792,1
55720667,1
55779429,1
55780420,1
55772509,1
55759740,1
55775372,1
55776313,1
55718847,1
55769950,1
55771033,1
55769535,1
55759745,1
55698984,1
55762322,1
55712492,1
55676312,1
55757115,1
55724992,1
55690389,1
55685617,1
55702742,1
55715924,1
55703992,1
55734908,1
55743569,1
55702630,1
55672185,1
55712491,1
55713192,1
55721455,1
55715263,1
55711775,1
55717073,1
55709198,1
55714373,1
55692904,1
55686472,1
55679517,1
55702392,1
55672469,1
55699407,1
55661319,1
55694017,1
55674442,1
55690322,1
55661755,1
55680971,1
55674819,1
55674677,1
55661794,1
55667135,1
55664939,1
55660171,1
55644700,1
55617083,1
55601861,1
55655065,1
55655062,1
55656290,1
55647567,1
55644861,1
55653734,1
55645677,1
55644890,1
55638131,1
55641001,1
55635744,1
55633219,1
55631608,1
55630644,1
55627836,1
55613883,1
55627611,1
55623515,1
53086131,1
55621591,1
55621574,1
55612572,1
55613659,1
55604774,1
55603444,1
55599445,1
55601859,1
55601023,1
55596926,1
55601021,1
55594176,1
55578541,1
55595791,1
55586648,1
55564777,1
55588194,1
55550620,1
55571214,1
55571758,1
55554189,1
55573116,1
55571653,1
55571367,1
55567316,1
55557756,1
55552209,1
55562187,1
55548348,1
55557749,1
55547082,1
55546147,1
53117033,1
53107273,1
52163900,1
55544121,1
55545609,1
55535579,1
55549895,1
55529398,1
55531492,1
55532286,1
55527225,1
55519138,1
55515525,1
55509226,1
55446325,1
55441637,1
55529302,1
55525881,1
55520943,1
52738594,1
55519264,1
55505472,1
55512162,1
55511536,1
55509373,1
55506823,1
55505454,1
55505052,1
55502446,1
55497650,1
55482769,1
54984705,1
55496424,1
55493466,1
55493192,1
55491152,1
55490018,1
55488384,1
54796172,1
55486538,1
55483771,1
55483379,1
55480105,1
55475980,1
52888023,1
52237230,1
55478966,1
55478298,1
55454296,1
55018912,1
55478273,1
55478252,1
55475876,1
55475855,1
55477398,1
55472107,1
55474425,1
55030928,1
55012590,1
54987022,1
54986877,1
54937842,1
54926803,1
54911926,1
54884692,1
54852439,1
54820031,1
54811450,1
54789149,1
54778989,1
54749032,1
54571362,1
54571286,1
54012650,1
55474568,1
55471243,1
55470558,1
55468847,1
55465571,1
55457911,1
55021795,1
54891128,1
54871958,1
53105425,1
55465278,1
55463971,1
55463617,1
55458636,1
55462027,1
55461936,1
54987743,1
54907163,1
55457782,1
55451099,1
55451165,1
55451163,1
55449853,1
55449845,1
55449719,1
55449556,1
55449722,1
55439027,1
55023233,1
55443352,1
55052308,1
55011945,1
55029024,1
55438896,1
55034938,1
55030845,1
55026794,1
55010726,1
55006287,1
55004830,1
55004809,1
55001007,1
54987742,1
54968008,1
54896506,1
54843641,1
54843113,1
55030927,1
55013357,1
55025787,1
55023478,1
55026721,1
55026730,1
55023738,1
55021822,1
55016750,1
55022259,1
54978622,1
55016812,1
54949825,1
54996077,1
55000528,1
55003055,1
54990456,1
54981184,1
54993610,1
54992667,1
54989567,1
54974788,1
54896457,1
54967911,1
54957347,1
54913563,1
54891052,1
54979603,1
54974868,1
54971606,1
54971753,1
54973670,1
54967241,1
54955461,1
54948290,1
54913919,1
54952427,1
54963275,1
54966439,1
54961186,1
54961164,1
54961166,1
54958346,1
54955604,1
54950846,1
54937591,1
54945419,1
54947913,1
54945384,1
54942113,1
54938898,1
54937603,1
54937324,1
54916368,1
54874102,1
54864239,1
54810273,1
54937854,1
54937222,1
54940716,1
54922380,1
54937335,1
54939493,1
54937342,1
54933385,1
54921829,1
54914984,1
54906563,1
54911197,1
54899947,1
54898663,1
54916447,1
54912319,1
54910971,1
54906468,1
54899956,1
54908671,1
54897780,1
54902726,1
54901574,1
54903475,1
54898465,1
54901367,1
54894603,1
54887910,1
54892905,1
54890935,1
54888439,1
54888038,1
54885616,1
54884581,1
54869737,1
54852271,1
54807888,1
54880783,1
54881385,1
54880461,1
54881127,1
54882123,1
54875860,1
54877346,1
54874306,1
54869448,1
54871219,1
54867201,1
54866871,1
54859296,1
54848342,1
54848640,1
54848390,1
54845022,1
54833012,1
54825507,1
54809402,1
54845640,1
54845614,1
54833890,1
54839609,1
54837972,1
54825436,1
54834370,1
54832015,1
54825495,1
54824016,1
54821277,1
54818664,1
54817913,1
54817916,1
54814735,1
54813257,1
54810750,1
54809417,1
54807637,1
54807632,1
54802602,1
53985582,1
54807676,1
52319467,1
54807495,1
54793134,1
54806443,1
54805640,1
54804196,1
54798345,1
54803352,1
54799905,1
54799907,1
54797204,1
54797202,1
54795480,1
54793630,1
54789001,1
54790185,1
54788681,1
54790807,1
54788967,1
54788619,1
54782587,1
54782425,1
54773146,1
54779453,1
54779103,1
54765620,1
54774205,1
54772190,1
54771993,1
54771964,1
54768057,1
54767681,1
54765195,1
54767363,1
54755469,1
54770074,1
54767298,1
54651727,1
53089028,1
53396641,1
52565803,1
54014657,1
54751193,1
53125790,1
54756315,1
54730568,1
54756426,1
54754474,1
54753569,1
54751451,1
54751446,1
54751271,1
54748301,1
54747399,1
54745180,1
54022424,1
54744236,1
54746200,1
54744230,1
54735065,1
54738801,1
54738799,1
54738998,1
54738449,1
54741187,1
52543009,1
54735402,1
54733598,1
54625989,1
54733523,1
54731946,1
54728876,1
54715934,1
54687254,1
54035990,1
52932275,1
54651004,1
54618865,1
54604591,1
53400022,1
54723875,1
54049768,1
53993445,1
54715931,1
54709424,1
53210519,1
54713981,1
54712428,1
54636435,1
54633107,1
54339932,1
54195420,1
54025128,1
54022651,1
54012644,1
53995769,1
53397731,1
53383330,1
53240570,1
53200429,1
53125788,1
53110072,1
52930634,1
52884193,1
52884171,1
52800886,1
52306594,1
54711479,1
54705936,1
54691636,1
53412398,1
54703073,1
54700970,1
54709308,1
54700234,1
54689383,1
54673920,1
54648392,1
54629162,1
54260109,1
53176713,1
54702629,1
54694711,1
54704775,1
54696135,1
54692919,1
54681482,1
54690244,1
54683693,1
54682221,1
54680789,1
54677498,1
54673928,1
54667635,1
54654143,1
53407805,1
54670823,1
54664979,1
54660162,1
54663612,1
54661413,1
54657670,1
54657697,1
54653356,1
54636031,1
54614735,1
54609439,1
54026350,1
54004042,1
53102499,1
52854181,1
52814999,1
54639853,1
54643222,1
54642633,1
54631184,1
54603332,1
54573644,1
54638464,1
54636036,1
54579142,1
54296729,1
53974593,1
54568362,1
54633876,1
54624870,1
54267083,1
54628481,1
54627220,1
54593399,1
54623147,1
54613546,1
54613612,1
54615816,1
54614832,1
54604411,1
54599836,1
53130612,1
54603403,1
54597673,1
54586518,1
54587784,1
54591053,1
54590422,1
54005825,1
53108234,1
54583164,1
54010727,1
54577126,1
54573104,1
54575028,1
54574669,1
52883526,1
53940518,1
53413604,1
54267878,1
54005785,1
54262500,1
53938647,1
53989155,1
53940532,1
53940514,1
53155806,1
53402896,1
53208967,1
54270289,1
53938650,1
54339931,1
54289343,1
54260387,1
54005420,1
54003419,1
53998615,1
53997914,1
53940654,1
53940602,1
53940591,1
53940515,1
53940512,1
53938646,1
53938603,1
53938543,1
54296755,1
54294031,1
54195567,1
54195572,1
54195568,1
53940593,1
53940589,1
53940521,1
54267082,1
54260155,1
53940658,1
53940534,1
54195417,1
54005423,1
54195467,1
53936088,1
52666450,1
53371170,1
54010679,1
53184296,1
53940528,1
53974927,1
53989413,1
53977835,1
53974936,1
54003388,1
53380467,1
54012640,1
54022654,1
54012647,1
53392495,1
53998613,1
53940652,1
53940649,1
53940646,1
53940645,1
53940642,1
53940605,1
53940603,1
53940597,1
53940596,1
53940530,1
53940525,1
53940524,1
53938643,1
53938606,1
54010729,1
53994772,1
54005467,1
53984150,1
54004206,1
54004074,1
53938546,1
53998032,1
54003315,1
53940663,1
54001238,1
53940599,1
53940656,1
53989156,1
53940588,1
53182909,1
53996717,1
53378000,1
53174392,1
53404518,1
53990855,1
53940661,1
53935847,1
53989153,1
53136486,1
53394735,1
53972365,1
53970940,1
53378881,1
53970938,1
53247182,1
53167295,1
53935815,1
53407807,1
53915716,1
53209086,1
53406582,1
53375119,1
53383056,1
53400009,1
53396297,1
53178531,1
53391563,1
53237660,1
53387644,1
53204393,1
53390201,1
53379022,1
53380518,1
53242919,1
53376168,1
53224483,1
53178969,1
53179994,1
53369768,1
53368275,1
53232964,1
53261562,1
53233383,1
53232914,1
53223770,1
53161083,1
53131429,1
53224263,1
53185087,1
53220021,1
53215011,1
53213373,1
53204342,1
53183613,1
53187652,1
53206149,1
53168132,1
53177244,1
53199224,1
53144431,1
53189145,1
53174398,1
53182948,1
53180761,1
53180779,1
53158571,1
53173047,1
53170145,1
53175452,1
53169520,1
53149455,1
53156403,1
53170927,1
53150917,1
53151494,1
53162622,1
53141648,1
53160998,1
53152488,1
53149449,1
53146421,1
53147356,1
53141279,1
53141632,1
53140630,1
53138905,1
53115264,1
53108829,1
52930570,1
52893500,1
53133019,1
53129387,1
53128622,1
53127556,1
53079485,1
53125477,1
52864342,1
53083500,1
53124211,1
53118635,1
52861284,1
53094068,1
52643629,1
53114700,1
53113939,1
52916690,1
52857653,1
52823736,1
52816101,1
53111243,1
52981237,1
52979176,1
52901244,1
52884906,1
52874558,1
52830214,1
52728832,1
52725284,1
52698444,1
53110005,1
53108821,1
52907345,1
52828745,1
53112442,1
53104068,1
53102005,1
52933804,1
52812306,1
53107613,1
53108381,1
52844087,1
53108369,1
53078456,1
52834013,1
52989368,1
52977881,1
52858174,1
53102132,1
53096360,1
53103056,1
53102053,1
52859653,1
53102056,1
53102139,1
53102601,1
52977715,1
53098134,1
53093739,1
53085728,1
53080526,1
53078608,1
52977917,1
52977717,1
52917888,1
52768623,1
53090727,1
52977757,1
53086967,1
53079647,1
52977714,1
52977823,1
53097837,1
53097055,1
53091529,1
53086042,1
53090728,1
53092122,1
53087839,1
52977883,1
53076375,1
52839104,1
53083505,1
53083056,1
53082752,1
52983600,1
53079674,1
52977719,1
52986834,1
52977756,1
52979843,1
52977799,1
52977797,1
52977734,1
52896450,1
52845998,1
52933723,1
52931862,1
52930565,1
52911449,1
52910683,1
52925289,1
52921855,1
52901506,1
52903943,1
52920078,1
52905792,1
52903603,1
52910782,1
52906006,1
52903088,1
52908635,1
52908631,1
52903186,1
52891224,1
52882587,1
52866548,1
52865427,1
52795254,1
52315150,1
52886433,1
52867072,1
52871885,1
52818486,1
52864588,1
52873215,1
52871565,1
52856800,1
52873218,1
52861276,1
52865385,1
52869680,1
52854763,1
52852801,1
52857623,1
52837467,1
52852647,1
52852785,1
52853655,1
52852679,1
52842425,1
52834178,1
52848806,1
52840214,1
52831930,1
52829604,1
52820923,1
52825050,1
52822717,1
52815379,1
52814893,1
52806228,1
52810146,1
52786987,1
52796729,1
52806478,1
52796368,1
52799191,1
52803201,1
52805199,1
52803614,1
52795184,1
52788836,1
52779241,1
52777194,1
52793907,1
52784515,1
52779117,1
52779659,1
52777237,1
52781701,1
52779120,1
52779473,1
52762376,1
52762202,1
52762374,1
52770924,1
52762171,1
52765357,1
52762170,1
52760832,1
52756438,1
52743572,1
52756768,1
52754734,1
52753090,1
52752248,1
52747650,1
52743320,1
52740765,1
52737145,1
52735510,1
52733961,1
52714352,1
52713479,1
52700254,1
52693581,1
52581627,1
52728160,1
52735540,1
52736953,1
52743971,1
52740840,1
52738597,1
52729296,1
52716828,1
52711564,1
52710596,1
52710269,1
52703721,1
52436735,1
52736952,1
52715106,1
52733374,1
52733546,1
52731476,1
52724053,1
52723703,1
52713014,1
52719886,1
52710118,1
52719080,1
52691631,1
52718192,1
52718277,1
52718213,1
52701037,1
52690253,1
52657305,1
52706817,1
52705003,1
52679642,1
52662735,1
52657601,1
52565801,1
52706853,1
52708867,1
52701154,1
52700116,1
52701159,1
52699815,1
52682585,1
52688397,1
52688307,1
52668022,1
52680267,1
52680826,1
52674248,1
52676819,1
52670382,1
52661875,1
52658391,1
52652893,1
52653638,1
52649384,1
52651250,1
52640887,1
52634749,1
52625765,1
52644413,1
52615403,1
52641943,1
52641944,1
52634693,1
52628020,1
52638283,1
52638918,1
52636927,1
52636125,1
52632871,1
52628224,1
52462061,1
52625649,1
52625444,1
52616869,1
52609594,1
52607975,1
52621561,1
52623931,1
52607907,1
52616950,1
52614628,1
52613044,1
52607904,1
52607284,1
52611417,1
52608460,1
52608446,1
52603984,1
52603968,1
52602146,1
52601955,1
52595478,1
52595650,1
52594450,1
52593309,1
52593307,1
52593263,1
52593257,1
52593253,1
52582308,1
52583097,1
52580886,1
52577660,1
52576651,1
52574236,1
52572243,1
52573066,1
52568398,1
52563245,1
52559241,1
52495544,1
52550198,1
52515943,1
52564295,1
52564269,1
52563317,1
52545325,1
52448999,1
52559242,1
52556684,1
52555138,1
52555807,1
52551861,1
52535990,1
52543955,1
52541019,1
52539618,1
52541261,1
52542935,1
52540110,1
52534353,1
52535988,1
52535859,1
52536246,1
52536114,1
52534073,1
52533340,1
52533334,1
52529370,1
52448893,1
52239890,1
52531944,1
52530799,1
52530796,1
52522759,1
52464824,1
52347293,1
52527984,1
52527982,1
52527842,1
52524094,1
52408196,1
52524473,1
52084468,1
52098872,1
52499656,1
52488452,1
52514585,1
52512454,1
52507940,1
52500370,1
52275867,1
52489159,1
52473364,1
52409663,1
52360297,1
52321265,1
52478551,1
52510928,1
52508142,1
52476165,1
52317485,1
52507015,1
52506845,1
52495555,1
52504115,1
52502334,1
52496542,1
52495507,1
52495446,1
52491811,1
52485125,1
52497905,1
52498775,1
52496381,1
52470700,1
52491535,1
52479899,1
52489800,1
52485523,1
52482111,1
52480100,1
52472398,1
52477827,1
52467193,1
52473436,1
52457089,1
52466377,1
52464632,1
52452858,1
52460059,1
52437537,1
52432428,1
52417785,1
52459254,1
52455318,1
52458421,1
52456078,1
52442153,1
52444318,1
52450157,1
52448325,1
52446110,1
52445426,1
52446122,1
52431965,1
52171814,1
52437391,1
52431918,1
52429916,1
52429043,1
52423507,1
52430497,1
52430907,1
52430558,1
52425812,1
52419662,1
52423354,1
52422471,1
52422367,1
52419401,1
52419404,1
52389593,1
52367617,1
52365223,1
52354268,1
52340602,1
52414626,1
52411471,1
52408338,1
52414020,1
52411597,1
52411476,1
52409659,1
52401886,1
52406311,1
52406213,1
52399898,1
52401825,1
52400185,1
52294756,1
52399640,1
52400180,1
52400182,1
52390997,1
52392240,1
52384884,1
52383066,1
52394431,1
52394348,1
52388784,1
52387425,1
52381032,1
52377447,1
52373767,1
52349801,1
52358333,1
52360860,1
52345200,1
52341022,1
52356380,1
52349906,1
52357005,1
52351272,1
52344082,1
52296959,1
52342776,1
52341878,1
52341948,1
52339845,1
52338301,1
52337459,1
52336560,1
52335455,1
52330495,1
52335420,1
52335522,1
52329038,1
52328258,1
52326424,1
52328414,1
52326231,1
52323788,1
52321284,1
52320003,1
52318407,1
52307931,1
52302118,1
52236098,1
52313338,1
52313246,1
52312438,1
52299992,1
52308618,1
52303572,1
52297139,1
52308992,1
52288691,1
52304450,1
52297103,1
52297022,1
52303423,1
52294744,1
52294561,1
52292494,1
52292793,1
52283097,1
52288747,1
52279918,1
52278775,1
52286108,1
52282520,1
52283095,1
52279896,1
52280797,1
52280133,1
52280092,1
52269282,1
52271851,1
52272729,1
52269803,1
52268861,1
52268228,1
52263005,1
52260577,1
52081255,1
52261996,1
52258509,1
52258377,1
52258510,1
52258040,1
52249845,1
52256477,1
52250652,1
52247561,1
52248079,1
52245314,1
52162037,1
52243895,1
52242208,1
52243249,1
52241346,1
52240713,1
52240854,1
52234689,1
52230143,1
52210085,1
52199914,1
52193064,1
52237183,1
52235895,1
52191982,1
52191593,1
52187420,1
52235960,1
52235876,1
52087303,1
52228359,1
52129497,1
52202350,1
52232135,1
52224666,1
52215930,1
52229274,1
52229348,1
52220276,1
52202338,1
52189709,1
52136136,1
52114849,1
52226846,1
52224160,1
52138506,1
52128275,1
52219816,1
52191898,1
52197819,1
52217303,1
52158303,1
52148427,1
52137303,1
52107886,1
52219810,1
52218986,1
52203662,1
52122201,1
52213226,1
52200396,1
52191752,1
52171230,1
52170001,1
52158298,1
52109231,1
52215427,1
52213110,1
52215372,1
52192022,1
52117383,1
52193993,1
52210919,1
52205911,1
52209489,1
52205867,1
52191754,1
52194649,1
52188602,1
52191900,1
52132660,1
52143960,1
52185749,1
52165067,1
52158314,1
52150536,1
52166375,1
52163339,1
52165037,1
52157174,1
52162906,1
52105702,1
52150474,1
52156270,1
52150543,1
52157294,1
52139793,1
52153589,1
52117363,1
52142410,1
52145984,1
52130847,1
52131435,1
52134861,1
52123581,1
52090595,1
52076748,1
52129964,1
52128321,1
52128626,1
52113977,1
52113183,1
52104470,1
52105032,1
52100689,1
52097342,1
52094821,1
52091003,1
52090938,1
52090857,1
52087288,1
52085746,1
52080256,1
52077018,1
52076978,1
52073771,1
52063026,1
52050326,1
52050031,1
52050027,1
52034728,1
52049195,1
52040352,1
51285110,1
51208091,1
52047907,1
52039496,1
52039414,1
52035695,1
52035470,1
51919341,1
51474591,1
51301600,1
52039569,1
52039461,1
52035471,1
52031836,1
52002431,1
51920038,1
51910596,1
51549576,1
51447521,1
51211715,1
51211598,1
51283426,1
51285068,1
51211599,1
51878727,1
51211692,1
51549568,1
51136583,1
51211669,1
51211717,1
51211709,1
51207291,1
51197512,1
51206360,1
51202826,1
51197509,1
51136584,1
51198543,1
51197443,1
51174175,1
51139260,1
51137409,1
51136677,1
51139180,1
51139158,1
51138053,1
51136624,1
51136610,1
51134509,1
51135081,1
51134594,1
51131872,1
51131822,1
51131806,1
51131804,1
51131781,1
51131712,1
51131108,1
51130674,1
51132287,1
51131036,1
51130780,1
51130728,1
51130724,1
51130664,1
51129319,1
51117504,1
51102015,1
51101942,1
51129281,1
51127890,1
51127914,1
51116602,1
51097328,1
51096585,1
51096541,1
51096518,1
51096475,1
51096390,1
51096515,1
51094212,1
51094220,1
51093458,1
51093454,1
51093445,1
51093401,1
51093021,1
51093033,1
51092990,1
51092980,1
51092246,1
51092981,1
51092952,1
51091422,1
51091633,1
51091630,1
51091628,1
51091599,1
51090761,1
51090323,1
51090342,1
51090292,1
51089154,1
51089663,1
51089114,1
51089095,1
51075623,1
51074993,1
51074985,1
51074957,1
51074953,1
51074924,1
51074922,1
51074920,1
51074918,1
51074915,1
51074901,1
51074830,1
51074733,1
50995877,1
51074803,1
50995747,1
50994676,1
50994610,1
50994596,1
50993535,1
50995874,1
50995875,1
50995233,1
51022974,1
50993442,1
50989805,1
50995983,1
50995972,1
50994672,1
50994043,1
50994619,1
50994609,1
50994104,1
50994176,1
50994097,1
50993576,1
50993537,1
50993497,1
50992589,1
50992627,1
50992601,1
50991397,1
50990894,1
50990892,1
50990820,1
50989835,1
50988752,1
50989759,1
50976687,1
50976686,1
50976437,1
50976431,1
50976689,1
50979814,1
50971740,1
50970929,1
50970925,1
50970921,1
50970940,1
50970839,1
50970935,1
50969577,1
50969559,1
50970001,1
50969238,1
50969308,1
50969234,1
50966362,1
50965638,1
50965514,1
50303732,1
50928255,1
50943228,1
50928445,1
50928440,1
50928431,1
50928387,1
50928345,1
50879213,1
50924635,1
50913431,1
50902245,1
50845751,1
50845783,1
50845782,1
50812082,1
50757815,1
50727409,1
50714025,1
50672214,1
50674641,1
50839690,1
50674817,1
50674587,1
50757802,1
50648609,1
50727564,1
50672271,1
49775523,1
50653922,1
50649773,1
50468356,1
50447910,1
50447884,1
50447859,1
50447463,1
50303560,1
50303730,1
50303724,1
50303721,1
50303596,1
50303556,1
50303368,1
49710492,1
49608668,1
49604329,1
49435743,1
49435649,1
49435648,1
49435647,1
49435462,1
49435192,1
48252697,1
49853159,1
48859691,1
48859690,1
49422340,1
48859661,1
48482989,1
48336847,1
48282248,1
47706821,1
47646029,1
47646115,1
47638724,1
46893482,1
46636314,1
46634494,1
46634487,1
46529090,1
63742209,1
63923592,1
64144970,1
64132044,1
64126197,1
64123940,1
64172439,1
64112686,1
64239752,1
64469438,1
64571041,1
64934553,1
64877138,1
65911824,1
65911151,1
65904425,1
66579920,1
66678201,1
66856702,1
66839113,1
66727973,1
66579721,1
67806585,1
68885634,1
69855410,1
69855190,1
69842401,1
70697388,1
57046334,2
57044194,2
57044174,2
57043443,2
57042554,2
57042195,2
57037380,2
57040141,2
57038907,2
57037382,2
57037323,2
57037192,2
57037060,2
57039180,2
57039080,2
57037174,2
57019111,2
57037177,2
57033700,2
57033022,2
57026711,2
57026484,2
57024991,2
57022649,2
57022056,2
57022054,2
57020372,2
57019492,2
57019293,2
57017022,2
57018152,2
57016997,2
57029390,2
57023627,2
57016627,2
56995003,2
56994952,2
56994804,2
57020700,2
57014160,2
57014097,2
57003122,2
57003086,2
57010004,2
57000770,2
56986367,2
57011518,2
57025652,2
57022689,2
57021643,2
57016699,2
57011471,2
57008776,2
57008761,2
57008488,2
57008470,2
57006359,2
57005690,2
57004154,2
57002804,2
57002791,2
56998854,2
56998773,2
56997648,2
56995938,2
56997201,2
56999462,2
56994431,2
56993192,2
56990040,2
56989835,2
56989624,2
56989339,2
57012759,2
57006762,2
57006367,2
57004216,2
57003741,2
56997207,2
56989651,2
56985130,2
56983614,2
56984108,2
56983589,2
56985327,2
56983981,2
56983083,2
56982951,2
56982696,2
56982664,2
56977748,2
56976714,2
56977667,2
56975321,2
56975024,2
56975016,2
56971929,2
56971910,2
56970386,2
56987368,2
56983980,2
56977713,2
56977669,2
56967874,2
56967559,2
56966151,2
56965235,2
56952723,2
56951455,2
56959554,2
56953874,2
56953437,2
56933616,2
56937419,2
56937395,2
56929967,2
56927272,2
56927252,2
56922406,2
56917489,2
56916743,2
56913054,2
56906052,2
56890026,2
56885490,2
56962252,2
56960565,2
56962247,2
56971311,2
56958940,2
56956889,2
56958069,2
56958063,2
56951000,2
56950998,2
56955351,2
56949728,2
56951818,2
56949091,2
56939340,2
56929974,2
56930284,2
56929973,2
56925633,2
56922379,2
56925055,2
56947743,2
56945293,2
56944233,2
56944218,2
56943843,2
56939344,2
56927569,2
56927284,2
56925056,2
56915458,2
56915457,2
56912197,2
56911750,2
56909782,2
56942089,2
56936174,2
56935981,2
56933792,2
56913154,2
56905940,2
56931819,2
56925092,2
56911733,2
56894663,2
56894633,2
56893196,2
56887339,2
56835394,2
56904017,2
56925124,2
56923262,2
56921154,2
56905911,2
56873107,2
56866841,2
56942206,2
56938009,2
56935379,2
56935333,2
56925586,2
56911648,2
56907911,2
56894492,2
56918976,2
56909602,2
56906254,2
56906105,2
56903745,2
56877354,2
56874959,2
56904020,2
56900013,2
56889828,2
56898164,2
56895164,2
56901025,2
56890261,2
56872972,2
56891704,2
56887281,2
56878256,2
56885565,2
56885492,2
56879694,2
56897310,2
56890904,2
56885430,2
56879586,2
56878108,2
56873556,2
56872884,2
56872778,2
56869494,2
56872877,2
56869443,2
56866801,2
56876608,2
56876199,2
56870478,2
56866618,2
56862717,2
56861734,2
56856370,2
56835419,2
56867135,2
56863567,2
56859112,2
56858139,2
56859643,2
56855063,2
56855138,2
56852764,2
56901037,2
56896373,2
56890241,2
56876084,2
56866772,2
56875099,2
56864025,2
56862852,2
56860862,2
56860237,2
56856472,2
56853396,2
56838902,2
56838868,2
56838106,2
56771609,2
56889910,2
56946287,2
56917487,2
56898166,2
56896294,2
56879644,2
56873580,2
56867062,2
56867035,2
56866807,2
56857754,2
56857713,2
56856333,2
56855034,2
56852569,2
56852548,2
56849448,2
56849396,2
56846901,2
56846339,2
56846332,2
56845350,2
56844885,2
56837551,2
56835452,2
56833322,2
56833310,2
56844285,2
56844270,2
56842592,2
56798040,2
56840913,2
56839992,2
56839473,2
56837828,2
56841833,2
56836293,2
56836285,2
56835567,2
56827420,2
56819149,2
56817820,2
56817812,2
56832214,2
56832202,2
56824501,2
56823923,2
56830669,2
56829145,2
56839794,2
56835457,2
56830328,2
56825168,2
56828651,2
56828574,2
56823590,2
56823579,2
56825496,2
56820108,2
56813997,2
56811595,2
56806572,2
56803009,2
56799738,2
56798400,2
56818354,2
56811059,2
56809853,2
56804977,2
56804432,2
56802107,2
56804440,2
56800925,2
56792030,2
56795066,2
56790834,2
56787566,2
56785900,2
56781207,2
56781823,2
56781110,2
56775527,2
56775063,2
56774492,2
56773881,2
56773813,2
56766482,2
56763769,2
56764804,2
56767945,2
56761771,2
56760639,2
56759147,2
56756389,2
56756350,2
56755956,2
56755815,2
56755769,2
56753519,2
56752661,2
56752642,2
56752401,2
56751024,2
56750780,2
56746574,2
56748459,2
56746725,2
56746572,2
56746542,2
56745996,2
56742273,2
56742156,2
56731310,2
56743654,2
56738588,2
56734209,2
56731451,2
56728563,2
56727919,2
56727370,2
56718709,2
56714036,2
56712367,2
56708706,2
56725283,2
56722775,2
56722579,2
56720646,2
56720235,2
56719420,2
56719382,2
56716150,2
56709799,2
56715478,2
56715459,2
56718719,2
56717954,2
56714897,2
56714160,2
56713974,2
56709862,2
56708131,2
56706700,2
56705795,2
56703060,2
56716914,2
56716539,2
56716092,2
56713978,2
56712946,2
56711873,2
56711860,2
56711201,2
56710770,2
56709803,2
56709795,2
56708642,2
56708638,2
56708044,2
56705625,2
56704699,2
56700056,2
56699566,2
56702588,2
56702042,2
56697156,2
56691611,2
56691274,2
56683376,2
56681840,2
56701150,2
56701105,2
56701025,2
56694363,2
56694254,2
56703645,2
56696821,2
56690253,2
56697660,2
56690065,2
56699658,2
56696719,2
56690127,2
56690122,2
56689986,2
56696377,2
56695415,2
56694511,2
56687099,2
56692397,2
56691545,2
56691486,2
56681839,2
56683366,2
56676872,2
56676698,2
56681587,2
56681516,2
56674076,2
56666885,2
56694306,2
56694168,2
56686297,2
56677816,2
56674041,2
56681837,2
56675893,2
56681732,2
56681627,2
56682319,2
56681562,2
56681404,2
56681551,2
56677901,2
56673993,2
56669424,2
56660094,2
56669452,2
56665227,2
56661456,2
56660532,2
56641203,2
56637666,2
56637621,2
56637442,2
56611087,2
56662335,2
56655823,2
56660378,2
56660037,2
56657976,2
56674154,2
56667235,2
56667120,2
56667033,2
56665146,2
56663391,2
56657709,2
56645362,2
56631386,2
56635236,2
56633450,2
55834306,2
56642321,2
56642295,2
56642170,2
56612856,2
56653447,2
56653431,2
56650438,2
56629998,2
56629889,2
56628839,2
56627879,2
55837425,2
56627996,2
56627890,2
56609085,2
55842913,2
55841635,2
55837994,2
55836029,2
55825006,2
55824508,2
55830266,2
55822399,2
55837496,2
55834524,2
55834374,2
55833653,2
55832468,2
55829717,2
55828932,2
55828927,2
55828312,2
55822389,2
55819284,2
55818027,2
55817992,2
55813306,2
55813226,2
55812417,2
55820203,2
55818775,2
55816291,2
55810339,2
55809069,2
55809029,2
55811216,2
55808327,2
55807282,2
55806586,2
55805834,2
55805120,2
55801619,2
55800511,2
55799985,2
55796752,2
55794860,2
55793422,2
55788658,2
55789837,2
55788978,2
55820221,2
55810210,2
55814696,2
55803840,2
55800091,2
55799894,2
55796996,2
55812515,2
55807360,2
55805010,2
55798218,2
55793282,2
55790271,2
55786506,2
55785717,2
55781713,2
55772842,2
55769967,2
55769481,2
55775569,2
55775369,2
55771776,2
55771084,2
55766034,2
55765763,2
55779241,2
55770237,2
55771173,2
55762187,2
55760830,2
55759683,2
55750324,2
55758936,2
55758734,2
55758932,2
55758778,2
55757198,2
55753497,2
55753014,2
55770262,2
55762581,2
55748628,2
55747388,2
55743834,2
55724879,2
55724293,2
55747355,2
55743649,2
55743636,2
55728662,2
55723227,2
55723206,2
55723062,2
55721776,2
55721735,2
55694957,2
55715306,2
55714325,2
55713416,2
55712604,2
55711670,2
55711640,2
55711606,2
55706669,2
55700385,2
55698806,2
55698469,2
55698794,2
55695297,2
55694995,2
55692844,2
55691675,2
55690224,2
55686579,2
55685021,2
55685982,2
55685168,2
55677129,2
55691064,2
55689160,2
55674584,2
55706768,2
55705985,2
55697579,2
55674390,2
55670844,2
55664363,2
55660376,2
55651538,2
55662316,2
55656893,2
55656380,2
55655193,2
55653837,2
55653703,2
55646378,2
55638128,2
55638126,2
55637156,2
55630349,2
55641738,2
55641043,2
55629357,2
55626803,2
55626708,2
55639367,2
55626834,2
55623483,2
55625408,2
55625398,2
55620016,2
55618105,2
55632104,2
55632018,2
55620014,2
55614336,2
55613862,2
55571668,2
55613858,2
55623514,2
55611982,2
55608674,2
55611650,2
55611634,2
55610781,2
55604889,2
55603634,2
55603614,2
55633404,2
55627004,2
55608455,2
55599426,2
55598313,2
55596859,2
55594521,2
55600659,2
55595830,2
55592392,2
55588323,2
55588300,2
55595824,2
55570585,2
55570486,2
55595932,2
55598613,2
55597167,2
55591524,2
55590644,2
55590603,2
55601131,2
55600612,2
55594348,2
55586290,2
55585074,2
55579180,2
55579594,2
55577165,2
55570616,2
55567248,2
55566181,2
55564811,2
55564387,2
55559194,2
55548249,2
55564069,2
55568385,2
55567631,2
55549893,2
55559213,2
55547418,2
55542940,2
55584566,2
55583780,2
55582579,2
55561304,2
55557587,2
55557382,2
55557757,2
55554285,2
55551846,2
55550965,2
55544264,2
55531657,2
55553472,2
55551454,2
55550613,2
55548171,2
55545570,2
55545376,2
55544357,2
55543062,2
55543037,2
55539230,2
55539186,2
55541847,2
55535729,2
55534911,2
55530965,2
55528677,2
55534422,2
55529492,2
55521393,2
55522789,2
55521903,2
55515372,2
55513440,2
55515770,2
55513750,2
55512103,2
55511744,2
55509519,2
55509188,2
55506880,2
55504801,2
55492979,2
55490126,2
55504575,2
55504572,2
55487815,2
55464145,2
55508689,2
55503479,2
55502486,2
55502541,2
55501735,2
55493529,2
55479752,2
55488929,2
55483037,2
55480079,2
55471287,2
55468671,2
55457218,2
55499682,2
55497453,2
55495405,2
55492857,2
55514409,2
55512179,2
55499544,2
55493142,2
55491076,2
55490699,2
55494630,2
55490343,2
55488689,2
55510353,2
55507128,2
55488481,2
55519419,2
55506923,2
55487725,2
55486338,2
55484706,2
55484558,2
55481274,2
55478072,2
55477039,2
55475416,2
55483765,2
55478951,2
55474495,2
55478368,2
55472906,2
55496626,2
55484932,2
55482656,2
55464881,2
55484491,2
55481931,2
55475507,2
55480530,2
55472074,2
55471627,2
55470985,2
55470143,2
55481373,2
55475615,2
55469456,2
55468945,2
55466107,2
55464911,2
55470262,2
55467443,2
55467442,2
55466221,2
55465651,2
55463583,2
55463465,2
55462058,2
55462022,2
55457128,2
55442978,2
55457873,2
55457820,2
55455935,2
55448501,2
55441483,2
55441383,2
55439251,2
55439028,2
55438127,2
55034058,2
55034038,2
55034056,2
55030889,2
55030875,2
55025768,2
55025529,2
55025455,2
55024316,2
55021789,2
55021098,2
55021082,2
55030980,2
55029726,2
55026858,2
55022846,2
55022975,2
55022389,2
55020038,2
55020020,2
55013291,2
55017184,2
55011942,2
55011941,2
55010769,2
55004668,2
55004660,2
55003053,2
55008309,2
55002071,2
55008608,2
55004875,2
55029547,2
55023466,2
55002828,2
55002815,2
55000551,2
55000096,2
55000110,2
54998898,2
54998315,2
54998053,2
54998051,2
54996747,2
54996069,2
54992609,2
54991926,2
54995235,2
54991077,2
54981328,2
54972218,2
54981219,2
54976178,2
54976089,2
54974818,2
54960985,2
54991049,2
54989430,2
54995654,2
54987690,2
54993638,2
54991698,2
54990104,2
54989477,2
54986734,2
54984208,2
54978660,2
54977718,2
54974811,2
54972667,2
54979656,2
54979620,2
54970068,2
54965464,2
54977509,2
54971448,2
54967884,2
54964842,2
54964167,2
54967123,2
54961179,2
54961174,2
54967158,2
54958332,2
54967985,2
54964119,2
54963145,2
54963325,2
54962933,2
54961734,2
54961170,2
54958476,2
54961224,2
54958364,2
54958347,2
54956820,2
54955539,2
54955525,2
54956880,2
54955449,2
54953515,2
54955446,2
54951946,2
54950948,2
54950951,2
54947737,2
54947630,2
54937378,2
54955432,2
54950792,2
54949811,2
54948765,2
54948288,2
54947980,2
54947783,2
54947685,2
54943605,2
54943602,2
54945486,2
54943568,2
54961006,2
54957379,2
54950793,2
54949899,2
54942104,2
54942102,2
54940845,2
54940743,2
54940031,2
54945463,2
54939513,2
54938863,2
54940875,2
54937521,2
54937765,2
54933490,2
54932526,2
54937519,2
54952947,2
54951930,2
54937388,2
54937376,2
54937440,2
54937337,2
54937334,2
54937228,2
54937223,2
54937214,2
54931821,2
54929386,2
54928424,2
54928387,2
54927832,2
54925994,2
54925973,2
54925934,2
54927247,2
54926115,2
54924424,2
54924123,2
54923387,2
54922999,2
54921662,2
54922376,2
54920720,2
54920367,2
54917328,2
54916396,2
54929296,2
54921600,2
54919816,2
54918251,2
54917263,2
54916871,2
54916393,2
54914750,2
54913664,2
54912311,2
54912020,2
54911118,2
54913859,2
54909346,2
54900403,2
54901265,2
54898334,2
54916477,2
54908379,2
54901253,2
54898606,2
54898468,2
54915851,2
54915810,2
54915698,2
54915695,2
54911594,2
54911203,2
54911175,2
54911161,2
54912896,2
54911860,2
54907298,2
54906413,2
54926831,2
54924923,2
54921635,2
54920369,2
54919061,2
54917943,2
54916896,2
54915075,2
54915027,2
54905928,2
54905926,2
54906445,2
54906416,2
54899722,2
54899892,2
54899587,2
54898494,2
54896482,2
54896451,2
54895898,2
54895809,2
54894720,2
54894705,2
54894548,2
54894546,2
54897758,2
54897512,2
54894364,2
54896017,2
54892959,2
54892442,2
54892435,2
54891101,2
54890991,2
54891156,2
54890926,2
54890973,2
54888450,2
54888323,2
54887888,2
54887712,2
54884238,2
54882967,2
54882262,2
54882214,2
54881116,2
54867111,2
54875806,2
54875662,2
54874011,2
54880535,2
54880448,2
54877493,2
54877376,2
54870904,2
54848486,2
54856592,2
54848196,2
54845011,2
54842765,2
54842075,2
54834307,2
54820088,2
54805336,2
54788515,2
54873107,2
54848188,2
54842077,2
54846017,2
54839493,2
54870846,2
54869709,2
54867198,2
54857176,2
54852438,2
54852268,2
54845636,2
54839463,2
54833848,2
54833011,2
54818662,2
54817854,2
54821176,2
54809199,2
54811354,2
54810755,2
54807883,2
54807548,2
54813552,2
54804873,2
54797138,2
54836484,2
54836392,2
54829721,2
54829394,2
54828970,2
54827982,2
54833400,2
54831956,2
54831925,2
54831916,2
54827182,2
54827098,2
54825361,2
54825323,2
54824140,2
54820122,2
54825464,2
54820071,2
54819143,2
54818712,2
54818591,2
54817910,2
54817908,2
54828640,2
54824126,2
54824120,2
54817885,2
54810090,2
54809765,2
54804980,2
54804253,2
54795406,2
54794572,2
54814123,2
54813516,2
54810679,2
54809513,2
54809390,2
54793774,2
54793123,2
54709300,2
54790804,2
54788976,2
54782592,2
54781552,2
54771464,2
54761494,2
54761338,2
54753548,2
54752877,2
54751236,2
54748996,2
54747386,2
54747362,2
54744090,2
54752461,2
54749018,2
54748999,2
54746197,2
54745758,2
54744834,2
54742969,2
54742115,2
54733828,2
54738932,2
54738553,2
54733398,2
54730498,2
54730475,2
54729338,2
54728818,2
54728793,2
54722467,2
54722267,2
54722176,2
54723276,2
54721897,2
54720649,2
54718019,2
54717801,2
54725856,2
54716492,2
54714734,2
54715961,2
54727217,2
54713840,2
54713364,2
54712289,2
54704897,2
54704868,2
54706456,2
54705978,2
54701375,2
54694697,2
54711843,2
54694649,2
54715014,2
54711469,2
54703367,2
54700992,2
54700224,2
54699639,2
54705666,2
54699586,2
54697525,2
54697108,2
54695872,2
54692012,2
54698381,2
54687229,2
54689399,2
54689109,2
54685995,2
54672917,2
54702229,2
54692924,2
54691553,2
54687241,2
54680776,2
54670539,2
54660086,2
54694709,2
54684293,2
54683729,2
54678113,2
54678771,2
54677495,2
54673160,2
54667661,2
54666010,2
54665078,2
54639794,2
54677494,2
54682577,2
54680779,2
54675621,2
54675110,2
54671389,2
54674750,2
54662386,2
54656166,2
54653295,2
54656168,2
54652239,2
54651710,2
54650203,2
54651478,2
54644942,2
54639841,2
54643803,2
54635465,2
54638432,2
54634266,2
54632844,2
54637150,2
54633053,2
54630904,2
54625290,2
54624105,2
54624021,2
54612820,2
54570842,2
54569635,2
53409425,2
54612823,2
54588561,2
54601421,2
54595848,2
54590335,2
54586479,2
54581132,2
54579744,2
54578510,2
54568081,2
53412355,2
53411831,2
53411746,2
53406345,2
53405774,2
53401402,2
53397613,2
53398872,2
53411063,2
54612759,2
54617259,2
54614951,2
54609430,2
54606572,2
54601037,2
54596923,2
54594200,2
54579757,2
54579749,2
54596822,2
54585597,2
54576190,2
54576193,2
54574691,2
54568848,2
53412916,2
53412915,2
53412324,2
53411748,2
53409584,2
53409361,2
53411822,2
53409422,2
53409420,2
53409353,2
53406588,2
53404593,2
53404515,2
53402834,2
53402171,2
53398953,2
53396666,2
53392458,2
53405140,2
53402875,2
53404568,2
53405701,2
53401072,2
53400158,2
53400157,2
53398384,2
53397738,2
53390263,2
53385118,2
53380088,2
53380070,2
53370637,2
53368495,2
53365741,2
53242776,2
53245747,2
53240563,2
53232963,2
53232342,2
53233118,2
53232525,2
53233282,2
53232526,2
53224272,2
53223717,2
53219893,2
53217729,2
53207696,2
53198887,2
53198254,2
53195394,2
53194335,2
53188814,2
53187614,2
53188750,2
53184745,2
53187041,2
53184078,2
53186401,2
53183014,2
53183631,2
53182359,2
53182303,2
53182255,2
53180988,2
53178407,2
53175432,2
53170550,2
53175890,2
53177251,2
53176782,2
53174658,2
53174404,2
53172426,2
53175433,2
53172848,2
53169486,2
53161004,2
53156383,2
53155440,2
53153746,2
53152900,2
53152505,2
53152202,2
53150833,2
53149383,2
53154562,2
53149343,2
53148518,2
53148013,2
53146887,2
53146386,2
53146379,2
53144425,2
53143674,2
53146463,2
53146420,2
53143631,2
53141616,2
53141594,2
53140585,2
53140007,2
53141246,2
53139973,2
53139589,2
53139564,2
53145182,2
53140731,2
53138352,2
53148031,2
53144838,2
53144422,2
53142232,2
53138359,2
53137670,2
53137635,2
53137062,2
53136537,2
53136483,2
53135547,2
53135539,2
53135501,2
53133438,2
53132375,2
53133846,2
53129093,2
53134822,2
53133053,2
53132995,2
53130646,2
53128637,2
53127536,2
53126927,2
53124260,2
53121465,2
53123113,2
53123066,2
53123058,2
53118627,2
53116997,2
53119796,2
53115445,2
53110953,2
53109117,2
53126246,2
53125610,2
53123810,2
53123693,2
53123156,2
53131447,2
53128670,2
53126219,2
53125732,2
53125469,2
53121866,2
53121816,2
53119403,2
53120467,2
53118600,2
53118588,2
53118548,2
53113945,2
53113918,2
53111529,2
53110974,2
53104234,2
53102517,2
53099140,2
53098615,2
53114056,2
53109851,2
53107309,2
53106240,2
53105348,2
53107618,2
53102910,2
53103874,2
53102528,2
53101298,2
53101191,2
53099978,2
53097986,2
53105883,2
53105319,2
53104607,2
53103620,2
53102535,2
53090721,2
53103595,2
53102119,2
53101021,2
53097984,2
53097146,2
53097795,2
53097006,2
53097012,2
53096358,2
53095040,2
53093665,2
53092277,2
53093659,2
53092727,2
53091557,2
53090892,2
53090694,2
53091506,2
53090724,2
53095923,2
53094730,2
53087340,2
53085869,2
53085863,2
53085516,2
53085852,2
53085703,2
53086054,2
53085520,2
53084465,2
53084380,2
53085727,2
53083464,2
53083149,2
53079483,2
53078454,2
53093954,2
53088955,2
53082610,2
53081052,2
53089018,2
53088999,2
53080511,2
53079514,2
53082794,2
53082525,2
53078853,2
53076725,2
53078669,2
53075553,2
52989369,2
52987926,2
52985642,2
52985640,2
52984915,2
53078491,2
53081762,2
53081465,2
53078468,2
53077560,2
52924419,2
52930139,2
52921561,2
52911731,2
52907038,2
52906993,2
52918805,2
52917923,2
52917913,2
52916315,2
52911929,2
52904560,2
52903233,2
52903090,2
52903084,2
52935102,2
52930559,2
52920911,2
52915633,2
52903724,2
52903536,2
52903429,2
52898908,2
52981769,2
52981077,2
52948824,2
52946440,2
52943626,2
52943403,2
52942869,2
52933546,2
52939544,2
52931860,2
52926527,2
52925280,2
52920913,2
52920593,2
53079736,2
53076366,2
53076277,2
52987720,2
52986991,2
52986979,2
52986848,2
52986824,2
52983910,2
52982512,2
52982086,2
52981253,2
52981233,2
52979225,2
52931850,2
52910855,2
52910680,2
52903187,2
52901383,2
52900199,2
52899299,2
52896753,2
52893478,2
52895615,2
52892753,2
52892632,2
52891082,2
52890983,2
52890940,2
52891690,2
52890054,2
52889820,2
52889049,2
52886736,2
52884905,2
52883748,2
52883620,2
52882617,2
52882615,2
52894475,2
52882406,2
52879676,2
52879228,2
52878822,2
52878648,2
52878732,2
52875912,2
52878589,2
52875611,2
52874473,2
52873942,2
52873845,2
52883519,2
52871767,2
52862966,2
52861287,2
52853339,2
52852901,2
52852847,2
52852394,2
52837608,2
52859681,2
52858358,2
52857714,2
52852104,2
52849766,2
52844855,2
52844499,2
52842288,2
52834026,2
52833126,2
52832048,2
52830196,2
52829448,2
52829683,2
52826060,2
52824821,2
52824454,2
52828702,2
52825275,2
52822550,2
52821887,2
52817522,2
52812984,2
52809999,2
52803570,2
52802882,2
52809338,2
52808691,2
52819789,2
52818941,2
52816135,2
52806448,2
52816849,2
52814632,2
52811873,2
52810448,2
52804955,2
52803526,2
52802782,2
52795205,2
52800777,2
52810800,2
52795399,2
52840233,2
52834063,2
52827686,2
52826210,2
52824442,2
52821196,2
52819654,2
52847873,2
52846252,2
52845637,2
52842929,2
52841558,2
52840828,2
52840826,2
52842416,2
52840144,2
52837933,2
52844141,2
52837469,2
52837431,2
52884266,2
52871644,2
52887014,2
52868263,2
52866075,2
52859597,2
52882486,2
52874972,2
52871858,2
52871549,2
52865452,2
52861441,2
52867070,2
52855227,2
52854799,2
52854026,2
52852344,2
52836682,2
52836598,2
52833209,2
52832252,2
52877856,2
52852101,2
52886441,2
52886439,2
52880153,2
52872998,2
52873291,2
52873172,2
52871856,2
52865176,2
52873286,2
52873150,2
52864763,2
52864010,2
52863995,2
52861376,2
52880933,2
52861266,2
52862929,2
52859613,2
52851138,2
52856256,2
52851035,2
52839986,2
52817405,2
52808700,2
52807058,2
52856802,2
52849420,2
52849286,2
52795079,2
52859843,2
52875695,2
52868350,2
52865257,2
52861104,2
52869704,2
52869216,2
52854645,2
52847969,2
52847770,2
52894481,2
52866153,2
52861241,2
52858191,2
52857700,2
52833964,2
52838462,2
52838296,2
52830939,2
52827812,2
52818517,2
52815380,2
52814964,2
52814948,2
52803288,2
52761415,2
52814082,2
52800812,2
52799105,2
52798581,2
52797628,2
52796859,2
52795235,2
52796929,2
52795225,2
52795223,2
52793858,2
52782780,2
52793851,2
52790664,2
52786932,2
52784183,2
52787977,2
52783655,2
52785039,2
52782209,2
52780955,2
52779300,2
52777665,2
52777130,2
52800187,2
52777065,2
52777058,2
52776511,2
52775127,2
52790814,2
52780877,2
52775157,2
52775005,2
52775181,2
52773035,2
52761535,2
52761216,2
52738588,2
52738202,2
52747738,2
52732954,2
52788809,2
52764252,2
52772967,2
52771308,2
52768843,2
52768129,2
52767151,2
52770125,2
52768746,2
52764256,2
52761230,2
52760786,2
52742666,2
52756805,2
52756140,2
52755901,2
52754747,2
52753332,2
52750060,2
52747734,2
52750049,2
52744701,2
52743280,2
52740784,2
52743354,2
52742476,2
52740156,2
52733067,2
52721084,2
52719813,2
52716457,2
52719012,2
52718184,2
52724891,2
52715294,2
52715103,2
52713460,2
52711697,2
52710000,2
52709066,2
52708808,2
52708042,2
52704739,2
52703737,2
52710209,2
52704037,2
52692959,2
52495552,2
52495343,2
52485537,2
52485499,2
52713625,2
52708045,2
52707163,2
52704376,2
52691302,2
52673821,2
52693572,2
52688289,2
52488195,2
52721641,2
52721126,2
52715068,2
52712415,2
52711511,2
52705531,2
52697604,2
52697534,2
52692929,2
52706992,2
52700996,2
52714362,2
52710591,2
52702644,2
52700163,2
52682583,2
52740024,2
52737014,2
52736847,2
52750618,2
52736839,2
52735533,2
52735168,2
52733379,2
52738591,2
52735165,2
52731211,2
52726168,2
52726148,2
52723003,2
52722181,2
52728936,2
52720483,2
52719071,2
52718190,2
52726356,2
52723714,2
52716849,2
52710076,2
52701030,2
52699907,2
52698638,2
52688685,2
52688394,2
52684503,2
52705584,2
52699884,2
52698623,2
52698478,2
52696892,2
52696717,2
52692933,2
52694855,2
52691246,2
52696602,2
52691648,2
52690170,2
52686927,2
52686272,2
52686206,2
52684648,2
52684518,2
52689400,2
52683176,2
52679854,2
52679693,2
52678103,2
52681893,2
52676771,2
52675970,2
52668030,2
52664527,2
52674192,2
52663349,2
52669146,2
52649362,2
52651138,2
52645103,2
52640882,2
52639679,2
52631281,2
52660559,2
52658387,2
52657561,2
52657553,2
52653489,2
52649443,2
52647661,2
52647582,2
52644349,2
52642432,2
52645075,2
52634684,2
52629809,2
52607208,2
52634656,2
52632903,2
52680845,2
52680291,2
52662753,2
52663712,2
52661712,2
52661191,2
52640809,2
52652704,2
52649822,2
52647685,2
52636268,2
52636267,2
52636161,2
52628396,2
52628219,2
52628196,2
52607057,2
52638916,2
52632846,2
52628912,2
52626901,2
52623929,2
52620144,2
52613031,2
52611199,2
52615155,2
52607282,2
52607269,2
52580105,2
52603960,2
52616997,2
52615515,2
52589829,2
52684494,2
52676754,2
52671246,2
52682874,2
52670429,2
52659990,2
52673833,2
52667117,2
52666502,2
52657255,2
52664374,2
52657577,2
52647516,2
52643727,2
52643628,2
52631185,2
52623082,2
52622887,2
52619573,2
52616606,2
52616402,2
52615180,2
52624226,2
52619801,2
52604311,2
52602193,2
52604309,2
52598763,2
52601911,2
52624108,2
52624003,2
52662874,2
52656017,2
52649275,2
52637004,2
52643720,2
52640819,2
52641890,2
52641782,2
52640803,2
52644346,2
52633902,2
52625522,2
52625499,2
52654905,2
52652935,2
52631251,2
52628978,2
52637459,2
52625736,2
52606988,2
52725312,2
52724051,2
52732991,2
52733959,2
52731189,2
52729642,2
52733012,2
52726723,2
52728103,2
52718283,2
52712351,2
52706849,2
52725282,2
52719806,2
52706885,2
52710872,2
52699850,2
52756071,2
52753310,2
52747832,2
52747364,2
52740002,2
52728151,2
52728143,2
52706883,2
52762169,2
52761336,2
52762358,2
52761340,2
52755894,2
52742530,2
52806473,2
52789900,2
52787164,2
52785835,2
52775158,2
52765434,2
52702067,2
52945456,2
52925283,2
52978410,2
52947786,2
52942867,2
52935022,2
52938367,2
52933556,2
52930100,2
52942865,2
52940111,2
52938247,2
52937469,2
52922546,2
52930112,2
52932337,2
52925233,2
52920574,2
52937443,2
52937409,2
52924443,2
52921538,2
52909646,2
52908551,2
52930688,2
52913445,2
52905377,2
52930114,2
52905170,2
52905783,2
52903725,2
52901547,2
52899298,2
52910660,2
52926995,2
52926167,2
52914468,2
52909641,2
52909444,2
52908445,2
52895516,2
53113917,2
53113900,2
53113899,2
53117562,2
53116032,2
53111951,2
53111283,2
53112441,2
53112040,2
53102003,2
53115506,2
53108883,2
53108315,2
53109225,2
53107544,2
53107085,2
53129379,2
53108218,2
53108111,2
53110004,2
53107126,2
53136471,2
53134451,2
53134235,2
53130826,2
53125472,2
53130091,2
53123691,2
53108070,2
53164263,2
53163094,2
53157395,2
53397617,2
53396672,2
53396245,2
53390101,2
53392633,2
53388090,2
53387798,2
53391661,2
53390426,2
53391467,2
53385048,2
53380068,2
53379699,2
53381957,2
53381728,2
53376164,2
53362028,2
53374007,2
53373975,2
54571233,2
54566762,2
54568447,2
53400217,2
53400172,2
54627241,2
54623086,2
54590348,2
54586871,2
54582274,2
54579834,2
54574568,2
53402213,2
54680732,2
54671374,2
54670259,2
54667656,2
54664292,2
54657669,2
54649687,2
54645498,2
54620483,2
54658080,2
54651064,2
54645554,2
54638310,2
54633778,2
54629057,2
54628459,2
54620489,2
54631150,2
54627565,2
54619369,2
54617800,2
54615758,2
54613471,2
54612822,2
54607968,2
53378053,2
54606351,2
54605237,2
54603421,2
54596730,2
54594238,2
54593334,2
54593326,2
54590346,2
54593297,2
54590980,2
54587853,2
54598513,2
54587723,2
54576205,2
54584508,2
54635962,2
54630896,2
54604267,2
54596790,2
54585208,2
54583789,2
54581581,2
54577593,2
54577201,2
54573024,2
54667594,2
54665971,2
54668695,2
54660097,2
54656646,2
54656164,2
54664339,2
54663657,2
54661087,2
54654873,2
54642746,2
54642698,2
54612649,2
54672126,2
54640034,2
54637438,2
54636054,2
54662921,2
54662195,2
54654118,2
54654116,2
54653288,2
54649027,2
54643253,2
54648357,2
54647744,2
54647566,2
54644285,2
54641258,2
54635466,2
54623271,2
54623094,2
54609485,2
54616126,2
54615017,2
54603365,2
54599792,2
53400044,2
53396642,2
53396605,2
53390190,2
53396249,2
53386126,2
53396339,2
53392528,2
53385381,2
53385379,2
53365694,2
53378909,2
53378907,2
53378874,2
53378060,2
53376509,2
53376495,2
53376211,2
53375070,2
53373204,2
53371617,2
53372573,2
53371193,2
53370155,2
53369000,2
53368200,2
53367128,2
53366692,2
53368197,2
53247410,2
53242967,2
53242787,2
53241032,2
53241013,2
53239634,2
53235930,2
53235734,2
53232104,2
53225010,2
53237183,2
53219968,2
53209072,2
53208923,2
53207856,2
53205234,2
53204287,2
53184934,2
53182959,2
53178324,2
53218541,2
53215512,2
53210539,2
53202180,2
53233286,2
53223762,2
53223542,2
53204290,2
53217715,2
53215110,2
53214323,2
53214216,2
53207693,2
53204153,2
53213298,2
53208925,2
53202218,2
53215680,2
53200100,2
53178518,2
53198001,2
53184485,2
53183503,2
53179674,2
53214504,2
53205216,2
53198844,2
53181091,2
53179684,2
53179745,2
53179060,2
53178998,2
53173752,2
53173661,2
53172460,2
53170131,2
53166911,2
53166591,2
53168123,2
53166003,2
53168709,2
53165951,2
53165100,2
53176139,2
53175457,2
53172434,2
53171980,2
53171723,2
53170163,2
53169500,2
53170947,2
53167983,2
53171506,2
53167286,2
53163782,2
53168053,2
53162477,2
53161678,2
53161009,2
53161027,2
53160123,2
53158253,2
53159071,2
53155830,2
53151497,2
53150911,2
53156420,2
53150857,2
53159743,2
53161003,2
53157422,2
53143644,2
54605500,2
54599815,2
54572759,2
54691599,2
54681626,2
54680838,2
54662149,2
54660109,2
54603424,2
54744216,2
54741288,2
54740161,2
54738677,2
54737030,2
54736953,2
54724881,2
54744146,2
54730544,2
54730523,2
54719455,2
54718337,2
54709863,2
54709378,2
54704773,2
54709408,2
54702307,2
54687116,2
54735480,2
54734960,2
54727282,2
54720593,2
54715924,2
54687216,2
54817867,2
54816455,2
54813802,2
54809253,2
54821209,2
54821174,2
54809200,2
54799902,2
54799270,2
54814718,2
54807708,2
54788558,2
54809246,2
54811500,2
54807518,2
54807517,2
54805638,2
54803313,2
54802877,2
54799887,2
54788434,2
54791232,2
54785974,2
54785849,2
54783487,2
54780363,2
54772403,2
54772291,2
54764322,2
54796135,2
54784985,2
54783690,2
54782414,2
54779048,2
54779366,2
54775461,2
54780413,2
54779412,2
54772303,2
54764235,2
54778965,2
54777653,2
54776103,2
54777507,2
54773351,2
54772100,2
54767212,2
54776538,2
54766465,2
54765350,2
54764302,2
54757892,2
54756468,2
54755652,2
54757179,2
54742634,2
54735445,2
54731529,2
54731523,2
54711461,2
54774212,2
54774210,2
54816461,2
54807543,2
54798576,2
54798441,2
54798269,2
54771302,2
54800533,2
54797109,2
54787243,2
54779063,2
54770212,2
54770195,2
54767324,2
54761447,2
54761332,2
54751430,2
54751252,2
54754599,2
54750268,2
54750062,2
54741159,2
54748987,2
54737195,2
54737192,2
54735059,2
54733310,2
54731701,2
54724762,2
54728943,2
54728929,2
54725835,2
54709825,2
54770048,2
54764712,2
54761781,2
54764676,2
54761502,2
54771414,2
54764327,2
54765347,2
54761773,2
54756307,2
54768191,2
54800452,2
54801765,2
54797351,2
54797243,2
54788600,2
54794085,2
54765211,2
54755679,2
54753552,2
54825315,2
54862909,2
54853728,2
54853684,2
54852310,2
54849593,2
54848464,2
54845770,2
54845622,2
54842516,2
54837708,2
54837604,2
54843805,2
54834299,2
54835429,2
54833134,2
54859293,2
54857786,2
54855240,2
54854988,2
54849889,2
54839506,2
54838543,2
54838001,2
54790922,2
54871937,2
54869707,2
54867559,2
54867556,2
54862612,2
54864432,2
54861762,2
54880776,2
54874288,2
54874008,2
54869252,2
54848193,2
54841979,2
54889562,2
54885612,2
54884672,2
54884635,2
54882399,2
54882382,2
54897366,2
54892896,2
54884249,2
54878370,2
54878106,2
54867555,2
54866837,2
54888366,2
54887742,2
54871023,2
54860525,2
54860342,2
54857288,2
54869326,2
54887915,2
54877342,2
54887906,2
54866912,2
54905187,2
54907136,2
54905823,2
54903477,2
54903458,2
54902671,2
54901268,2
54909581,2
54909535,2
54904078,2
54899586,2
54894351,2
54986036,2
54987841,2
54984128,2
54994562,2
54993948,2
54986139,2
54985996,2
54986863,2
54983416,2
54993621,2
54988466,2
54984211,2
54984139,2
54983381,2
54981216,2
54978249,2
54982345,2
54976183,2
54973540,2
54976069,2
54972243,2
54977746,2
54971714,2
54971474,2
54971443,2
54982292,2
54968905,2
54968771,2
55029123,2
55029122,2
55029003,2
55029001,2
55022960,2
55462856,2
55461818,2
55459161,2
55454234,2
55451416,2
55455893,2
55036067,2
55459829,2
55452165,2
55449792,2
55449370,2
55449367,2
55447063,2
55446265,2
55444337,2
55445904,2
55442284,2
55448718,2
55444012,2
55440113,2
55439254,2
55438895,2
55038107,2
55031808,2
55030877,2
55014728,2
55010500,2
55025630,2
55017085,2
55006662,2
55006062,2
55444954,2
55034902,2
55032981,2
55032014,2
55029081,2
55021008,2
55023733,2
55016739,2
55025601,2
55016810,2
55013378,2
55006283,2
55011222,2
55010662,2
55004603,2
54991115,2
55004873,2
55004633,2
55468464,2
55472263,2
55461919,2
55453236,2
55450948,2
55441384,2
55545597,2
55532231,2
55525821,2
55531491,2
55528719,2
55526719,2
55525631,2
55531017,2
55529241,2
55524163,2
55519411,2
55516640,2
55519090,2
55536366,2
55533381,2
55520935,2
55517688,2
55516284,2
55501845,2
55501430,2
55518855,2
55501452,2
55498611,2
55497584,2
55475259,2
55547416,2
55547269,2
55578682,2
55577030,2
55576503,2
55564742,2
55577822,2
55573157,2
55549787,2
55546947,2
55571382,2
55544263,2
55570836,2
55555230,2
55550675,2
55544701,2
55586308,2
55558286,2
55557883,2
55553689,2
55553491,2
55550776,2
55545366,2
55544385,2
55538733,2
55531618,2
55623482,2
55634106,2
55620003,2
55627829,2
55619898,2
55603310,2
55606549,2
55601836,2
55612530,2
55607400,2
55601412,2
55592845,2
55589619,2
55587455,2
55586632,2
55580362,2
55570594,2
55648219,2
55637173,2
55635740,2
55630515,2
55629398,2
55629225,2
55619883,2
55709206,2
55708216,2
55707960,2
55705825,2
55702561,2
55702362,2
55684351,2
55679379,2
55682467,2
55681912,2
55677131,2
55675422,2
55675287,2
55666874,2
55664885,2
55661839,2
55644807,2
55643034,2
55640638,2
55639358,2
55637194,2
55616796,2
55606463,2
55604689,2
55674598,2
55674408,2
55666884,2
55669853,2
55667699,2
55664403,2
55676300,2
55668448,2
55661360,2
55660658,2
55661651,2
55661549,2
55660660,2
55660350,2
55678494,2
55665578,2
55660310,2
55657442,2
55654773,2
55653669,2
55645044,2
55609564,2
55608642,2
55690078,2
55688462,2
55719657,2
55716199,2
55714996,2
55710966,2
55687004,2
55722521,2
55721515,2
55720698,2
55718303,2
55716502,2
55720264,2
55719328,2
55717332,2
55714566,2
55718647,2
55711806,2
55716055,2
55711668,2
55702307,2
55711749,2
55704767,2
55702562,2
55700389,2
55704794,2
55703976,2
55702373,2
55697124,2
55693001,2
55693800,2
55692919,2
55695903,2
55692434,2
55683265,2
55682370,2
55679994,2
55672402,2
55670879,2
55680330,2
55664319,2
55750349,2
55747420,2
55743611,2
55723928,2
55653632,2
55644762,2
55650875,2
55650785,2
55622891,2
55620009,2
55653572,2
55650024,2
55645761,2
55645070,2
55637201,2
55634813,2
55633871,2
55631301,2
55629209,2
55616821,2
55608252,2
55787087,2
55785474,2
55782077,2
55781992,2
55776898,2
55776896,2
55777846,2
55774250,2
55772843,2
55775748,2
55762397,2
55786426,2
55798072,2
55798033,2
55795000,2
55794909,2
55794152,2
55791681,2
55792561,2
55792525,2
55788344,2
55785002,2
55784654,2
55783648,2
55783633,2
55777524,2
55784180,2
55779821,2
55777259,2
55772539,2
55772151,2
55769568,2
55768933,2
55778636,2
55763606,2
55763609,2
55759418,2
55757089,2
55756508,2
55755065,2
55752283,2
55774178,2
55774176,2
55765752,2
55760713,2
55749436,2
55758785,2
55754745,2
55771796,2
55760686,2
55758801,2
55752364,2
55747422,2
55780666,2
55779811,2
55754921,2
55752044,2
55781889,2
55781785,2
55842962,2
55826727,2
55823649,2
55822573,2
55823073,2
55831969,2
56626590,2
56615574,2
56614406,2
56612309,2
56611071,2
56605721,2
56625323,2
56617775,2
56617153,2
55841684,2
55839838,2
56616941,2
56607561,2
55834370,2
55830247,2
55832023,2
55825349,2
55821582,2
55821417,2
55820757,2
56647148,2
56641965,2
56645229,2
56644284,2
56643203,2
56642452,2
56642440,2
56655843,2
56649957,2
56649148,2
56637273,2
56635078,2
56625105,2
56625094,2
55836282,2
55827771,2
55822323,2
55818912,2
55815562,2
55814017,2
55806698,2
55803294,2
55803212,2
55802280,2
55799971,2
55796744,2
56653198,2
56641332,2
56637562,2
56633296,2
56627968,2
56623228,2
56620248,2
56611661,2
56633491,2
56633453,2
56618228,2
56614376,2
56609959,2
55817087,2
55816885,2
55816225,2
55813364,2
55812530,2
56625317,2
56622744,2
56611615,2
56611177,2
55833290,2
55826325,2
55825942,2
56642260,2
56641599,2
56624994,2
56613426,2
55831944,2
56609979,2
56609144,2
56617036,2
56607595,2
56605711,2
55840875,2
55839505,2
55838784,2
55838731,2
55837656,2
56631085,2
56629879,2
56623681,2
56622821,2
55814661,2
56698677,2
56698640,2
56698625,2
56694683,2
56694310,2
56683370,2
56681776,2
56675854,2
56674149,2
56674093,2
56669368,2
56667679,2
56663110,2
56657555,2
56657357,2
56647411,2
56647370,2
56683372,2
56682531,2
56675897,2
56674215,2
56669440,2
56637298,2
56654363,2
56653063,2
56733598,2
56731365,2
56730335,2
56729377,2
56726630,2
56723955,2
56739787,2
56737955,2
56731569,2
56719752,2
56713972,2
56710816,2
56720237,2
56706676,2
56771981,2
56771977,2
56765664,2
56764348,2
56756410,2
56756391,2
56784297,2
56784292,2
56763958,2
56729358,2
56783954,2
56801785,2
56793591,2
56798072,2
56797992,2
56790122,2
56798190,2
56823547,2
56817090,2
56817081,2
56816972,2
56815453,2
56815441,2
56806823,2
56798189,2
56809690,2
56809693,2
56786796,2
56780140,2
56811584,2
56808398,2
56806546,2
56799367,2
56794280,2
56791833,2
56793801,2
56789493,2
56788243,2
56781779,2
56779632,2
56778640,2
56778543,2
56778743,2
56778555,2
56776690,2
56773627,2
56757846,2
56758514,2
56757512,2
56752999,2
56748934,2
56768983,2
56763780,2
56758354,2
56755800,2
56750632,2
56748142,2
56747434,2
56746125,2
56724350,2
56742216,2
56740304,2
56743780,2
56737949,2
56737911,2
56737858,2
56736514,2
56740332,2
56742299,2
56734683,2
56723293,2
56727494,2
56725768,2
56724815,2
56721972,2
56721830,2
56717958,2
56726518,2
56726001,2
56723339,2
56721737,2
56721736,2
56705658,2
56768826,2
56750572,2
56748150,2
56747555,2
56746127,2
56790229,2
56790217,2
56787649,2
56785947,2
56781106,2
56775898,2
56766671,2
56764083,2
56761902,2
56760695,2
56768919,2
56772646,2
56771650,2
56771983,2
56771647,2
56793605,2
56784130,2
56783965,2
56830323,2
56842313,2
56836851,2
56827446,2
56846394,2
56827360,2
56843683,2
56843105,2
56844813,2
56841002,2
56821900,2
56827560,2
56819729,2
56820916,2
56814043,2
56808342,2
56814002,2
56808273,2
56939473,2
56967902,2
56955348,2
56951033,2
56948375,2
56947654,2
56946207,2
56935342,2
56949739,2
56942890,2
56931815,2
56932081,2
56929976,2
56869480,2
56941518,2
56941493,2
56938492,2
56938162,2
56920454,2
56919051,2
56911745,2
56916171,2
56913933,2
56943966,2
56929954,2
56908274,2
56898107,2
56897475,2
56903738,2
56982852,2
56973654,2
56962168,2
56973245,2
56971133,2
57000984,2
57000773,2
56990820,2
56987540,2
56970402,2
56994484,2
56992414,2
56991518,2
56985807,2
56982787,2
57011469,2
57009940,2
57002886,2
56969800,2
56992371,2
56969767,2
56965245,2
56964206,2
56963622,2
56962598,2
56959985,2
56955702,2
56975815,2
56969749,2
56968544,2
56962221,2
